c_custkey,c_name,revenue,c_acctbal,n_name,c_address,c_phone,c_comment
147530,"Customer#000147530",337156.03,369.88,"UNITED KINGDOM","9Sv2sqf6YjvqRMh4 z8VqajOs","33-300-718-5524","ages. blithely even requests sleep furiously before the ho"
124729,"Customer#000124729",320831.13,6498.28,"UNITED KINGDOM","393kMqhV48Pc","33-317-988-6728","even requests along the regularly permanent deposits sleep according to the expr"
121624,"Customer#000121624",309054.73,-552.71,"SAUDI ARABIA","7E0R,FEEy07fRCbx8RjdPB","30-361-574-2470","y against the daring asymptotes. permanently special ideas above the blithely even packages affix blithely even,"
144505,"Customer#000144505",273163.24,-655.69,"UNITED STATES","qAg4ZUafvgYpM8WdomBXEOGZVH96yzr","34-355-559-6376","ld foxes wake slyly carefully "
128035,"Customer#000128035",259965.84,8823.16,"VIETNAM","YYRv33y5szf7KL hXj VW5QLl0Ky","31-638-400-5133","al excuses sleep slyly unusual instruction"
137084,"Customer#000137084",256159.53,7746.16,"RUSSIA","ZGoUX8t022sts","32-225-905-6688","uriously bold requests. silent, silent ideas nag quickly-- quickly even foxes are a"
133357,"Customer#000133357",253399.69,9255.00,"RUSSIA","rAaukaXCIY7u joyGreWDw27bTW3","32-377-694-7123","uctions. bold, even ideas boost slyly express foxes. slyly regular req"
144917,"Customer#000144917",244968.68,-199.15,"RUSSIA","9XXqAZDkU8sYer5B8 QNSka gViD","32-997-133-8757","en platelets between the furiously quiet deposits are about the final, regular requests. fluffily special depen"
128171,"Customer#000128171",240161.11,-549.10,"UNITED KINGDOM","NhgXj57HmPaqRpNdsevyot","33-812-230-4325","he slyly pending theodolites. furiou"
121715,"Customer#000121715",238796.32,-795.45,"VIETNAM","tcI2jsSvFGmL","31-540-485-8584","ideas wake. regular, ironic foxes wake carefully bravely busy accounts. e"
134059,"Customer#000134059",237679.25,4152.10,"RUSSIA","zstZoZnLBV","32-254-752-2489"," dependencies nag carefully blithely busy accounts. regular pac"
148501,"Customer#000148501",237143.99,3741.14,"UNITED KINGDOM","iEVN9u3G6qfFok","33-457-463-5450","the express packages. blithely even dependencies across the fluffily quiet ideas haggle fu"
135664,"Customer#000135664",228698.12,8069.83,"VIETNAM","z9sga5odgzMaGDQCPnwcQ0Qf9GFDFrnPqtpYPFI","31-502-979-8699","es are carefully after the dep"
130598,"Customer#000130598",225054.12,2918.66,"VIETNAM","8rsKtj8khmGsbYs1lj96","31-132-147-9602","gular deposits cajole slyly. slyly even packages cajole slowly. express i"
121525,"Customer#000121525",224741.22,1944.27,"RUSSIA","777KUrNrP2XikInVSSHY","32-214-979-3062"," sleep across the carefully ironic ideas. bold requests cajole carefully. even"
126625,"Customer#000126625",224128.58,7123.49,"UNITED STATES","FWqkKoLCHra fXyb,sr","34-372-442-1092","packages across the carefully final fo"
135586,"Customer#000135586",217713.84,5715.25,"SAUDI ARABIA","zC5Znd6jQMSy1","30-436-620-8099","odolites are fluffily regular theodolites. asymptotes sleep slyly carefully express foxes. regular packages are. "
142015,"Customer#000142015",216942.45,3841.67,"UNITED KINGDOM","fr1cn7EjamsnfHHafh","33-699-169-5328","the bold deposits. slyly regular accounts ou"
130382,"Customer#000130382",211551.42,2204.54,"SAUDI ARABIA","NvPdEKk5lH,m5EksxlZLgx,52sJLGOOxN8EcE8d","30-325-511-5643","equests wake quickly carefully express deposit"
131234,"Customer#000131234",211015.09,4207.91,"SAUDI ARABIA","D2vr6hwDPr96LTqmpruIqVrHh","30-844-473-7672","lly around the slyly even ideas. carefully unusual dependencies eat slyly b"
137893,"Customer#000137893",194636.03,5212.07,"RUSSIA","nIsBJlfbYNKQzivz6O13XgTidz","32-857-998-6536","g deposits. blithely even excuses integrate. a"
130277,"Customer#000130277",194325.28,5209.06,"UNITED STATES","ctYf9,9VjZXWjduX0uJUpX","34-622-180-1636","ideas are quickly blithely special deposits. ironic requests above the furiously regular ideas use carefully ar"
141001,"Customer#000141001",193616.98,1370.87,"SAUDI ARABIA","VaOBbzmM7ViQnMeGxAE7BKGYUNnvFQZ","30-762-704-3342","o the carefully final excuses. slyly regular accounts sleep silently at the fr"
121727,"Customer#000121727",189968.00,3070.96,"RUSSIA","5Cyl5Ip2PrTFDyZ9ljBU3ui","32-375-669-9290","lyly slyly unusual platelets. finally bold asymptote"
136462,"Customer#000136462",186102.09,9241.09,"VIETNAM","yR7Wk3,YaNadQrufTgMuZ","31-411-709-6471",". asymptotes wake furiously. carefully regular ideas sleep furiously carefully bold accou"
133594,"Customer#000133594",186091.93,3673.92,"UNITED STATES","Umm47Eqhb77dCaxIBwYEe6jYn5M2","34-657-917-3085","r accounts-- even, silent excuses nod at the express courts. regular, special dolphins boost against t"
137797,"Customer#000137797",185069.31,-129.05,"VIETNAM","2XjciXfR7v8iiS5jThyUlTm5","31-516-915-8776","ely ironic requests affix care"
129188,"Customer#000129188",184683.13,9009.32,"UNITED KINGDOM","ZQbY7PU7MkHFriL","33-851-853-7200","al pinto beans. final, stealthy pinto beans cajole fluffily. unusual somas across the pending, pending pinto b"
146845,"Customer#000146845",184070.03,8349.42,"RUSSIA","e6SyIot,Nta0TRUcNJHUpwYMhrB3","32-699-610-5506","ts wake quickly. blithely express accounts are slyly agai"
123265,"Customer#000123265",180141.76,9421.58,"RUSSIA","2mzLDfPGhBoqx9JIHiA6DCnhGSeBhu2","32-987-267-7310","carefully special dolphins sleep regularly. unusual foxes nag busily"
132748,"Customer#000132748",177353.12,5688.34,"RUSSIA","0R1FjKr8a2uhCHNHZpYxcnsM4P","32-827-830-8116","posits-- deposits grow about the idly regular requests. fu"
122756,"Customer#000122756",176224.39,1579.02,"SAUDI ARABIA","3Vnrc20bzDPpNtHkWlv2039SP","30-728-355-7983","pendencies snooze slyly carefully sly foxes. final dependenc"
145252,"Customer#000145252",174856.70,2067.39,"VIETNAM","0bdLIh41jepB5","31-798-860-4242","y regular requests haggle quickly along the blithely express accounts. regular, sly d"
134335,"Customer#000134335",173924.49,7355.78,"UNITED STATES","EEBiz6j0 FotjalLM5X4NS7h0JD7FgVBkW Ph","34-820-394-8706","ully according to the unusual requests. fluffily regular packages lose carefully regular instructions. pinto "
138317,"Customer#000138317",171454.91,7183.74,"UNITED KINGDOM","f3dKPKY9coZKMcwz1GsWH1xBB","33-865-995-1573","out the deposits. final packages ca"
148922,"Customer#000148922",171204.94,1919.96,"UNITED KINGDOM","b01aGYtjdj,u","33-633-369-6360","le blithely express, bold decoys. quickly even deposits are blithely after the furiously even theodolites; never ir"
143902,"Customer#000143902",169604.80,3468.53,"VIETNAM","2OgnbXy5X9n8mk2beE,Hq06yY","31-609-354-4373","st blithely about the quickly ironic d"
133568,"Customer#000133568",168846.07,1321.09,"SAUDI ARABIA","IOZZfC8Tv m1seK0m wTl7bDLhXLZ5ltwBAE,Pl","30-857-856-3457","fluffily around the ironic, express ideas. unusual, "
127064,"Customer#000127064",168482.88,1139.01,"SAUDI ARABIA","6gh4FnCme7zkTkaV1oiMb8s g6","30-907-488-9946","counts. fluffily special sheaves above the accounts detect quickly regular accoun"
121073,"Customer#000121073",168376.20,7866.60,"UNITED STATES","dYzs8YJrB4kr5Y8hL5sxnZ2GniS4q","34-623-441-7823","x furiously ruthless pinto beans. blithely ironic instruc"
135587,"Customer#000135587",165846.73,2227.41,"UNITED STATES","1a0NnOR27cDw2,dM14HAUPFlmZb xkiF,AVU","34-577-248-2006","sleep above the slyly express deposits. pinto beans above the slyly final theo"
140492,"Customer#000140492",165579.09,5505.97,"RUSSIA","ugFwUZDaUKLgcpd82,yiDA5nxxHqXQv","32-676-384-9504","leep blithely courts-- regula"
146284,"Customer#000146284",165547.29,647.98,"UNITED STATES","XJHkVD,nKhb,16LMY","34-964-936-2204"," even pinto beans mold fluffily after the asymptotes. quickl"
122503,"Customer#000122503",164766.43,9234.03,"SAUDI ARABIA","HlwCRh,st007D","30-337-547-8404","theodolites cajole above the slyly unusual packages. ironic, even packages across the quick"
149198,"Customer#000149198",163088.08,-714.68,"VIETNAM","y9yX7r9MGEowuS F35H  i2 OriolXXDdti87","31-336-725-1897","ounts; quickly final accounts are blithely regular inst"
131384,"Customer#000131384",161201.01,8046.03,"RUSSIA","rOqIWFJQpkaZIHdVcssq03ZMyLQ2tL","32-192-662-8876","ep fluffily bold sheaves. idly even "
138649,"Customer#000138649",160512.09,3579.50,"RUSSIA","m8i6OEGa3Sl68FwdMNPmaQj02","32-792-241-9253","osits affix about the carefully ironic foxes! depths snooze blithely. qu"
121702,"Customer#000121702",159975.16,6689.75,"UNITED KINGDOM","ixYMx,,Ii7L1VI4DFvxONkN2xZmJ","33-911-651-2552","olphins. carefully final deposits up the fluffily ironic pinto beans boost blithely across t"
148786,"Customer#000148786",157713.32,4629.18,"RUSSIA","6dnoiM1HQW","32-143-634-5133","pinto beans haggle blithely above the furiously bold dolphins. fluffily even sheaves nag escapades. slyly eve"
143455,"Customer#000143455",156806.67,1673.82,"RUSSIA","xyoA148ef0DfA6tN9E","32-703-316-4054","al pinto beans. express pinto beans are ruthlessly blithely even packages. furiously silent foxes boost eve"
130825,"Customer#000130825",154801.80,4126.15,"UNITED KINGDOM","3KUm6A6LjDEFcYq,Dg9YzNVLaPkH","33-491-506-9168","e special, express accounts cajole stealthily about the furiously express attainments. fu"
138913,"Customer#000138913",154433.07,152.54,"SAUDI ARABIA","OThcDX nILUAyaq8eb26FsBgAs","30-405-491-2135","gular requests about the accounts ought to boost blithely slyly even packages. slyly even packa"
137449,"Customer#000137449",150920.44,339.34,"UNITED STATES","SBo,tsH1nL,cXYJaeOccxR6vQzZl0","34-292-764-8705","ays-- never unusual instructions boost carefully packages. ev"
135205,"Customer#000135205",149906.00,495.97,"SAUDI ARABIA","isf,RcA9Lpzw1 OxF78UJJGk3gNQ","30-219-106-8707","aggle furiously about the carefully regular packages. blithe foxes haggle fluffily. dependencies cajole slyly. furio"
143777,"Customer#000143777",148870.71,5508.38,"UNITED KINGDOM","DoMVOjkSZeJxKLuzKXgidKB,w1XNlvk GOki ","33-785-765-5278"," instructions. carefully ironic requests must sleep according to the eve"
142517,"Customer#000142517",148142.69,3880.23,"VIETNAM","LDJa4dnbttLcSipR1Pt","31-300-566-4319","y bold asymptotes. unusual, i"
124448,"Customer#000124448",148019.38,-886.72,"RUSSIA","fwFWUIRRmznAkv757tmN3mIRBgVSYDddvAgm","32-976-995-8861","old about the accounts. fluffily ironic requests nag abou"
134683,"Customer#000134683",147932.99,4088.86,"SAUDI ARABIA","V7RvHmDlZunyiy4J8UM8LRujBf,Tb6y","30-917-900-8822","iously enticing deposits. furiously even d"
149804,"Customer#000149804",147738.44,-704.96,"UNITED KINGDOM","MnvjcwnmjiLRO","33-842-114-7852","ly express pinto beans. regular accounts wake. carefully final depths affix furiously. ca"
138208,"Customer#000138208",146027.48,5420.54,"UNITED KINGDOM","rqhm1C IR,uYDUTJ2","33-885-863-2522","ts haggle carefully furiously special foxes. ironic patterns cajole blithely"
139957,"Customer#000139957",145165.99,1113.62,"RUSSIA","5avutWsc8M9DXYuJfgXtaO","32-558-567-3951","uctions. ironic, pending packages according to the slow accounts haggle quickly final accounts. express foxes sleep"
147751,"Customer#000147751",144845.49,2817.38,"SAUDI ARABIA","wU2,hOw6i3xPcH6zgMq1EjHYsPDmZcI3PFa1MR","30-199-686-6701","s are blithely across the furiously idle warthogs. blithely regular waters are alo"
137563,"Customer#000137563",141555.41,1689.58,"VIETNAM","Iql1WVhlvrtbgd1zDGj,CVyC9dDb2LT9DW","31-226-128-9825","aggle boldly ironic requests. carefully regular instructions detect. pending, final ideas affix b"
139861,"Customer#000139861",140557.10,8687.05,"UNITED STATES","w CXqv3xW napA9oJINVYlI5sdUs6v8Z","34-733-451-1283","accounts cajole accounts-- blithely final theodolites cajole quickly above the bl"
145102,"Customer#000145102",140491.10,9733.77,"VIETNAM","Xgw6oJFZ2k T0nqrA2Eh3OIALWQQt0kjvBsht5","31-241-522-2390","ly pending accounts cajole af"
124348,"Customer#000124348",139880.16,4519.24,"VIETNAM","QGILtLxdIzdapWQh","31-444-568-4728","g blithely pending excuses. even requests run"
142112,"Customer#000142112",139519.96,9260.13,"SAUDI ARABIA","VdxMpWG9ar","30-387-134-9600","lyly. slyly special instructions according to the fluffily special instructions haggle slowly "
124282,"Customer#000124282",139516.24,6914.69,"VIETNAM","X5ZHtV56BcAlQ9DDR","31-309-289-1931","even deposits integrate furiously. final ideas af"
133244,"Customer#000133244",138845.57,2087.42,"UNITED STATES","ZoFhr9O,iWy","34-600-498-4543","d, fluffy instructions. final dependencie"
130675,"Customer#000130675",135756.71,1548.45,"UNITED STATES","aOn572fSHj2T8tF2EM5","34-209-672-9330"," instructions according to the bold, express theodolites sleep quickly final theodolites. re"
140812,"Customer#000140812",135310.87,7483.03,"RUSSIA","7HNQdnWriErB0 DocEp8 0Kg6vSVDk","32-802-940-9370","an sleep accounts. final ideas cajole carefully. even, enticing packages affix slowly regul"
129230,"Customer#000129230",134620.23,1902.93,"UNITED STATES","SNRsDVlzUM8","34-833-731-2248","riously final requests. accounts solve furiously acros"
122230,"Customer#000122230",134440.77,2093.42,"UNITED KINGDOM","bIAq3qCSzWLjdy8aIU","33-519-561-9923","mptotes are during the carefully special deposits. furiously bol"
146555,"Customer#000146555",134263.99,9438.93,"UNITED STATES","TannxiUC5ZLuMKRZT,FWCl7LoYwTm3tOhjJ","34-244-393-5035","ouches over the theodolites lose blithely along the slyly quick dependencies. unusual req"
124106,"Customer#000124106",133028.37,-21.62,"UNITED STATES","ihPTeVAyBFtRf6KIjyHh","34-532-881-7461","h furiously. silent accounts haggle furiously after the slyly express p"
123188,"Customer#000123188",131387.58,1014.46,"UNITED STATES","jlV60wIH0nqqvtTpif 8dJyF","34-749-744-2820","ely even theodolites. furiously final deposits haggle ironic packages. quick"
149317,"Customer#000149317",130016.54,1915.75,"UNITED STATES","hYdW4b2ier","34-553-129-8747","iously bold theodolites nag idly waters? carefully regular requests across the even pinto beans detect carefully f"
122884,"Customer#000122884",128292.19,4672.12,"VIETNAM","Tehs4EmlMrnrEuTiydhT7lAUKf","31-118-770-3466","xpress accounts was slyly carefully pending pi"
143147,"Customer#000143147",128072.99,6791.56,"UNITED STATES","vD8CvtyZbu0A6krKntbXPK3eAt6Z","34-614-805-1313","tes cajole carefully bold dependencies. final ideas"
149962,"Customer#000149962",127508.40,9694.17,"UNITED KINGDOM","bD6DGVRu LHp zX","33-453-328-5733","al pinto beans sleep furiously. slyly regular courts play fluffily. daringly blithe as"
126400,"Customer#000126400",125049.53,6694.39,"RUSSIA","jEYRBI5ARGO,U5acTs1lRWz6L0ZQ6bc2E6NwYV1","32-338-393-3161"," the slyly final requests. slyly special packages detect. ironic accounts above the acco"
126131,"Customer#000126131",125017.10,5702.96,"VIETNAM","hIHOADlyxGohs0PJp","31-602-825-1472","ar, special foxes sleep quickly ironic requests. bold, regular dependencies unwind fluffily carefully regular"
128060,"Customer#000128060",124136.34,9158.07,"VIETNAM","T2lPMKvz2A2QvS1Lwt7li52nqtEQzmnBlttSn9j3","31-557-414-4089","y final ideas. carefully special platelets cajole quickly against the ironic multipliers! f"
134483,"Customer#000134483",123821.54,6030.65,"VIETNAM","4QpNah0XsV, Eh5WzIYtQhM7UUzZtC7o","31-287-261-5423","ep carefully to the furiously ironic packages. permanently final foxes affix blithely silent, r"
138409,"Customer#000138409",122166.58,6544.78,"RUSSIA","WQUIhIRWLIJVn","32-567-225-7495","about the carefully unusual accounts. bold, final packages wak"
145547,"Customer#000145547",119942.32,6107.82,"UNITED KINGDOM","JHsHyC w 6Y7H","33-635-243-2290","ven ideas haggle around the instructions. slyly regular foxes s"
141161,"Customer#000141161",119723.96,4676.52,"UNITED STATES","Xu5GpXfZH1","34-800-282-5776","across the quickly unusual accounts. platelets among the blit"
148549,"Customer#000148549",117590.38,5061.40,"UNITED STATES","9HxfRbocoCUVsq2pgGwLaNq,kS7DiqaKBBhVbD","34-680-126-8364","cial accounts sleep slyly express foxes-- special dependencies nod quickly instructio"
120812,"Customer#000120812",117294.74,4582.11,"UNITED STATES","tp0xrx0pKTebmgAGirKC9A1Dnn8YRf","34-219-480-1565","sy tithes sleep slowly above the even, even accounts. special ideas boost"
120556,"Customer#000120556",116648.72,-197.75,"UNITED KINGDOM","fR8Elg6piBIrQXCNhWO","33-270-650-6275","furiously express packages about the regular instructions use slyly blithely f"
128077,"Customer#000128077",115471.63,9157.90,"UNITED KINGDOM","5mslLWqE6fmkpCqqdFEvv AbQpKdSQsUnU","33-182-681-6993","sual, final packages. furiously unusual excuses are along the carefully c"
131953,"Customer#000131953",115217.86,2953.59,"UNITED KINGDOM","GzyoZUI5ruSelVrb0J","33-426-428-7053","al theodolites sleep carefully. regularly b"
131116,"Customer#000131116",115085.74,496.22,"RUSSIA","Tpp3Y6Wp47 HEOl5","32-170-140-4849","affix slyly ruthlessly quiet foxes: pending foxes haggle furiously carefully final instructions. theodoli"
141959,"Customer#000141959",114528.49,9392.88,"VIETNAM","PBZGv6s,5mHlEm,chX1k7c4V9j","31-134-847-5452","nd. pending instructions use. even, final excu"
148843,"Customer#000148843",114443.92,6520.83,"RUSSIA","67plLyolQ1T5p2tq","32-703-787-8691","out the slyly regular decoys boost across the carefully iro"
133903,"Customer#000133903",114399.51,9591.44,"UNITED KINGDOM","gHVMSB9TGl30","33-610-852-7400",". ironic instructions integrate furiously blithely even courts. unusual deposits after the carefu"
146908,"Customer#000146908",113099.69,2066.25,"UNITED KINGDOM","e 6NmG0eq,HnglZpwXY,b5us bj","33-650-543-3477","accounts wake carefully ironic pinto beans. furiously u"
148754,"Customer#000148754",112960.89,5049.72,"SAUDI ARABIA","s0ZkReA CXBTESW","30-315-197-3114","according to the unusual accounts sleep about the ironic accounts. quickly unusual asymptotes among the blithely"
132205,"Customer#000132205",112733.16,7764.91,"RUSSIA","OpKFsjks6sDXiRvrFIEGqGsmntA958YK8o","32-378-172-5488","es along the regular platelets affix regular packages. furiously ironic requests haggle furiously even inst"
140701,"Customer#000140701",111984.84,9242.75,"UNITED KINGDOM","vqsh1d2IXb9UrmNcbTRxbWZpibDzrAUB7ECMgQ","33-324-858-6614","instructions wake along the car"
131704,"Customer#000131704",111372.05,3613.08,"VIETNAM",",OyMKO0,HWh8FnyAGvTNmzF7","31-848-142-9860"," packages sleep quickly around th"
135934,"Customer#000135934",111195.20,8866.30,"SAUDI ARABIA","g7bT5d0pJyTp3D414XlNj30","30-195-941-3161","deas: carefully ironic packages are carefully against the"
133504,"Customer#000133504",110707.24,1688.56,"VIETNAM","STIWEY2Hf18tSSZhq,31fA","31-908-819-8094","ng attainments; slyly pending requests are. carefully even t"
145594,"Customer#000145594",110511.01,4686.97,"RUSSIA","q066r9wjjt0hqBTx4 WJ6jtYrJ20pDBd9qYRLgE","32-532-568-5145","ending requests cajole fluffily even, final requests. slyly bold deposits breach about the carefully regul"
138946,"Customer#000138946",110388.78,226.42,"UNITED STATES","XtsknOwR,UM u4K","34-982-709-2975","instructions boost fluffily. fluffily bold instructions use carefully. express packa"
134356,"Customer#000134356",110292.91,1652.90,"VIETNAM","Pfg5ChFAIk YXXf4j7Ifns","31-235-496-6974","ickly ironic excuses cajole blithely according to t"
143068,"Customer#000143068",110176.17,2669.16,"UNITED STATES","Y4ZeGA46gDyspFqPkg0P5b","34-380-458-4886","y regular deposits haggle enticingly about the quietly pending foxes. "
121616,"Customer#000121616",109254.12,4801.27,"VIETNAM","17T2N,VUshUmKJY5e mYD","31-278-762-5756","the blithely regular ideas integ"
123941,"Customer#000123941",109205.66,5302.05,"UNITED KINGDOM","E7YxWQmxUhrmJBolTZlxVjUOjH9pfx","33-537-437-5004","elets wake blithely among the furiously regular ideas: fluffily special pearls solve. regular package"
148364,"Customer#000148364",107752.16,4931.68,"UNITED KINGDOM","sH8,sfAc48pj446ojZ5mFIgHVqy3pYchZ","33-749-831-5674","nto beans use bravely across the pending, regular instructions. regular accounts after the furiously express "
142856,"Customer#000142856",105822.91,3026.68,"RUSSIA","rCD38oI4vNVtCdZozsSE","32-975-994-5581"," detect slyly above the pending foxes. quickly regular deposits alongside o"
149077,"Customer#000149077",105617.34,1104.00,"UNITED STATES","rIg0n3R4 5YlbP4","34-785-643-1158","n foxes sleep blithely carefully regular accounts. carefully brave theodolites use f"
129622,"Customer#000129622",104410.81,2678.24,"UNITED KINGDOM","4974lnxrKF7Li dwjkTQsw","33-323-993-1147"," blithely regular requests. deposits snooze slyly quickly ironic pinto beans. forges nag slyly final a"
125986,"Customer#000125986",104291.42,5369.24,"SAUDI ARABIA","eKHRTTRzu GOuqly6ggts3yPmApOqYhZ1L9","30-154-189-1611","ecial requests should have to are foxes. quickly regular deposits cajole blithely according to the s"
132361,"Customer#000132361",104111.80,4464.49,"SAUDI ARABIA","DxAglHSvJROLoOH","30-582-165-9685","accounts wake quickly. blithely ex"
148831,"Customer#000148831",102558.85,6209.16,"RUSSIA","mhl7 VGVy1V8","32-737-770-3752","iously pending pinto beans haggle. bold ideas affix carefully. boldly pending accounts doubt carefully "
135829,"Customer#000135829",102461.01,5581.05,"UNITED KINGDOM","WmnTDeI1ZEma9Nv1iT3Egi0MUFnR1P3ZYHhzzI","33-480-455-8621","y according to the carefully regular requests. quietly special packages across the quickly final "
132860,"Customer#000132860",102145.77,4662.09,"UNITED KINGDOM","nSgf8D6Tlw8Jg0hum,Brliy6sRWSlTdi4kTS0","33-231-116-6229","p blithely furiously pending "
145076,"Customer#000145076",101651.69,2070.04,"SAUDI ARABIA","Y0Z6MDPG7tQH75dyB9EWvu","30-741-862-8304","the furiously final packages boost furiously about the quickly special deposits. re"
147400,"Customer#000147400",100711.95,9530.23,"UNITED STATES","qiGzxpGIXvvLs,0DrZom1g","34-160-213-7966","e furiously; blithely bold theodolites use furiousl"
129343,"Customer#000129343",100451.91,2235.87,"UNITED STATES","de2aX3LvdK6Z,c1xl7OXz6zbjoQaKY,H66JG","34-945-796-4715","arefully final accounts cajole slyly. carefully even accounts dazzle even accounts. furio"
122845,"Customer#000122845",100385.92,5923.34,"RUSSIA","wwoMKVeXqhN1I,Ua","32-124-701-2040","nto beans above the even, regular realms affix across the fluffily even accounts. ca"
133243,"Customer#000133243",100096.47,9850.30,"UNITED KINGDOM","VPBZYdCf642cZI3zA7BtL","33-645-776-8510","ly final, final deposits. regular, ironic pinto b"
131422,"Customer#000131422",99218.37,5372.46,"RUSSIA","S tbJZ2V34xEt0u5gZEbnyHqWkUL","32-239-279-7059","ackages. carefully careful deposits against the deposits cajole "
144409,"Customer#000144409",99168.69,9535.49,"RUSSIA","6liZhfXv,WDW0twn1Cvzf1j02Ya","32-367-117-9658","usly ironic deposits integrate slyly about the theodolites. bravely even foxes are. slyly i"
142291,"Customer#000142291",98958.40,8619.29,"UNITED KINGDOM","lkqZHMKfMU5w8uOmCvaJQtkP5DexFJP67XvW,c","33-412-719-4265","oldly along the ironic deposits. furiously final warthogs wake slyly. final pinto beans sleep across the sly"
127601,"Customer#000127601",97688.93,-795.86,"RUSSIA","83G5co,,GAF1rM5Q1cLQiLOB1Z","32-809-503-6473","kages haggle. furiously final pearls us"
122470,"Customer#000122470",95513.65,6674.76,"UNITED KINGDOM","ej2 9Sh3omQE356bzp2qxcw3Hd","33-930-111-6784","ounts: furiously regular packages nag carefully. blithely express pinto beans cajol"
139162,"Customer#000139162",95424.16,1578.84,"UNITED KINGDOM","SMnA9TN 7QPUGfoQMni,ygsyM4OTFbNLAEGrIFW","33-718-775-7064","nic accounts according to the carefully unusual packages haggle against the special asymptotes. furiously expre"
141043,"Customer#000141043",95400.24,1844.44,"UNITED STATES","q30qU1gX3rQFg3DbjueL3aVRD3","34-540-848-7739","y ironic deposits detect. special, ironi"
124004,"Customer#000124004",95343.69,6828.96,"RUSSIA"," YOyrRFDWitJ9QFXi3dHYxxsn,6qE3hbs","32-398-738-6296","ully around the ironic foxes. ca"
131318,"Customer#000131318",95317.67,825.77,"SAUDI ARABIA","RclEgMnuZlmGKp9qJtS7oS1","30-127-619-5160","es. regular, ironic accounts wake slyly with the bl"
137731,"Customer#000137731",95225.13,8939.86,"SAUDI ARABIA","l9QRhQ7xZl6pdHkwqQLAGj1rW","30-956-795-6753","sits breach quickly express courts. carefully"
141337,"Customer#000141337",95126.07,732.59,"UNITED KINGDOM","zxNKbQ,3YNfpH 15Nk6befCWEYPaYA","33-497-137-9187","ent instructions. ruthlessly regular packages sleep blithely. b"
121940,"Customer#000121940",94975.95,8597.24,"UNITED STATES","2ckEl27wPkl2jsCrB7bT6ETTKC5Ky3K8DWmpqcE","34-782-510-9413","pendencies; ideas are furiously final accounts. quickly pending dolphins boos"
147220,"Customer#000147220",94112.04,661.93,"UNITED KINGDOM","f9cPsZUbxdWtwY","33-574-162-1464",". quickly special ideas haggle "
145294,"Customer#000145294",93900.50,4206.84,"UNITED STATES","iJXQSX rtTOQZPT4ivyxYp,4DOIQBRxl","34-128-922-5825"," pending, unusual foxes are carefully express deposits. carefull"
140837,"Customer#000140837",93377.42,4896.99,"UNITED STATES","AFu57vyWSKxmqP8B,aPWAb2O1XxH11","34-284-659-5478","uickly special foxes. bold foxes alongside of"
129793,"Customer#000129793",93236.47,9166.82,"RUSSIA","kxHmPjOv5P9Fnyf4ZUNaivnlZ HnbtdnP","32-940-779-5752"," foxes above the carefully ev"
141671,"Customer#000141671",93104.23,7694.38,"VIETNAM","JLa9Inp,D2QAowqoPPpJyBAY","31-857-630-4497","unts use furiously furiously silent foxes. blithe"
130504,"Customer#000130504",92103.10,2983.10,"SAUDI ARABIA","QdX3o44gVNioogvOrfN6","30-458-433-7566","ven packages. even deposits haggle carefully slyly ironic dugouts. ironic packages believe blithely after the furi"
127579,"Customer#000127579",91609.67,3711.68,"UNITED STATES","Hwkezv4hH5ZIHRGa8ppEr8FlbrZ7G 6EmWTR","34-864-907-5792","ids according to the regular accounts cajole quickly above th"
139865,"Customer#000139865",90893.43,9739.91,"RUSSIA","zusO z1pW1HbxDj","32-840-585-9082","hely ironic packages use quickly. f"
142424,"Customer#000142424",90628.33,8953.50,"VIETNAM","vmTaZRvmkrmf1wYil AzH","31-906-857-5526"," detect. blithely close instructions must have to cajole."
128966,"Customer#000128966",90221.02,7575.78,"VIETNAM","Bl,7xPJZ9UF","31-628-194-6858","fluffily even pinto beans might haggle furiously a"
128254,"Customer#000128254",90000.78,9437.97,"UNITED STATES","r5M2En66Dl6GJpkVnOKL4xasp2fIdOHT3ykE","34-135-821-2907","ffily. regular deposits sleep fluffily slyly"
148525,"Customer#000148525",89917.95,6785.65,"VIETNAM","t5OJpSLpEgoqHHDxx,2Ms2VS8ZlkFhJIj40T79l","31-308-468-1687","ymptotes nag quickly. furiously unusual pinto beans haggle. ironic packages haggle furiou"
127841,"Customer#000127841",89300.35,4857.84,"UNITED KINGDOM","uJOLhrEJvDf1,i khsz","33-790-711-6032","s use furiously above the carefully express excuses."
126250,"Customer#000126250",88845.59,2258.65,"UNITED STATES","FVGyqtrQVauHT wPU  RmO9n,7lafps","34-453-907-9517","al requests wake slyly according to the accounts. blith"
148261,"Customer#000148261",88540.74,151.71,"RUSSIA","6Wf8gt2BdBulb0XNILwia85ppBCt","32-671-549-8942","ctions. regularly regular instructions wake blithely b"
128701,"Customer#000128701",88391.25,-303.74,"SAUDI ARABIA","8Em,hvl8jkfB0NGG3TVpN,8nPj8zWDY2l6JaUS","30-262-494-3667","s, special ideas. regular dependencies breach blithely blithely final ideas. packages affix. furiously final "
137255,"Customer#000137255",87644.44,-944.74,"UNITED STATES","gwODw76nIWbc3c5L","34-957-563-5163","ts. even accounts haggle slyly silent requests. blithely regular packages among the regular"
129808,"Customer#000129808",87335.92,3565.45,"UNITED KINGDOM","rYhON5vmMTW7U7DGycFLsCy3pS","33-554-316-6621","ong the unusual deposits. ironically final packages are "
147521,"Customer#000147521",87013.19,2893.62,"RUSSIA","WD,r,wphAge1","32-937-301-6321","l accounts. slyly unusual deposits print about the furiou"
143716,"Customer#000143716",86651.61,5662.82,"VIETNAM","f,3zQIBiHa46L9QUF5QjP0,zqUaIT","31-351-317-2219","equests. furiously unusual requests use"
135023,"Customer#000135023",86554.10,-787.44,"UNITED STATES","U3VVCmXiAuzIxhkDDZG6OFsd7A2EzsyRwJjU","34-446-504-8134","r, regular deposits solve according to the special, special "
122125,"Customer#000122125",85985.66,6963.03,"UNITED KINGDOM","1,Sh93H15Q","33-169-186-2800","arefully thin excuses. express packages was blithely according to the accounts. carefully unusual deposits a"
143401,"Customer#000143401",85529.08,284.32,"SAUDI ARABIA","5n6g9KMkRyyJdaDPMQq","30-367-517-4888","osits near the quickly ironic deposits use among the quickly bo"
123148,"Customer#000123148",85506.99,9900.14,"SAUDI ARABIA","jO2uKGwHMVcJQvgSKNkpb5Qqz5hwE","30-700-551-9758"," nag slyly. ironic, regular foxes about the carefully pending accounts sleep blithely spe"
126382,"Customer#000126382",85044.90,7330.80,"UNITED STATES","LsUpnGFEYhtw19","34-294-387-3048","eodolites: ironic requests across the final accounts are slyly ironic,"
136765,"Customer#000136765",84819.85,902.20,"UNITED KINGDOM","u1nMtMz,kdCI5,3","33-580-775-3909"," packages cajole; doggedly regular ac"
124126,"Customer#000124126",84610.21,5320.59,"SAUDI ARABIA","MhECfjPP8PghhBUkL61MtQ","30-723-595-4877","uffily ironic foxes. regular excuses alongsid"
123668,"Customer#000123668",84596.15,1053.94,"RUSSIA","yc57nRwsA4J7My5O5uhIGI3Q6CZaynLwZLegT8","32-795-674-6141","g packages. regular, final requests are fluffily packages. requests nag furiously. blithely regular theo"
120214,"Customer#000120214",83686.27,5328.07,"RUSSIA","LZatKkd JluDyBSL9K","32-970-762-6909","lyly slyly final packages. furiously ironic packages boost b"
124048,"Customer#000124048",82599.71,-925.90,"RUSSIA","JlsFB4KaTjDA9b3iGO2AGcFg4EQ","32-749-446-4779","ic deposits. quickly special orbits cajole slyly upon the furiously final ideas. furious"
125557,"Customer#000125557",81774.99,2703.04,"UNITED STATES","CaoGITu7nqVRW","34-791-764-6125","ses affix furiously? blithely even account"
121925,"Customer#000121925",81314.30,3616.97,"SAUDI ARABIA","KpfMCDgH3PTv1sQulpdi2ohTWMHYqRe R0zMpuU","30-719-476-1434","s. furiously unusual pinto beans cajole f"
135883,"Customer#000135883",81150.08,9018.97,"UNITED STATES","cetgR2qRErnQFebtWuiUCGcT Qjday","34-534-676-1767","arefully final foxes nag blithely fluffily final asymptotes"
134899,"Customer#000134899",79235.75,4334.93,"RUSSIA","LcF6XY5TOTr7zf,","32-534-867-1399","al requests. ironic foxes sleep slyly. furious pinto"
125068,"Customer#000125068",79090.43,542.81,"SAUDI ARABIA","efvxQ3gliI9q","30-970-980-3253","ss deposits boost quickly regular requests! thin, pending deposits could have to wake. special"
120563,"Customer#000120563",78694.47,8423.24,"VIETNAM","UhLBx5eCg8IgwG2koZ Jt8yUKmjnNILdm555XLc,","31-547-692-6394","s nod about the carefully ironic "
125123,"Customer#000125123",78303.90,1390.87,"RUSSIA","PMrLNyOQedhVGjP5GfLtv RzDPoBfv","32-571-598-8447"," carefully special packages above"
126472,"Customer#000126472",78211.83,2791.48,"RUSSIA","oxSzoJks9Onu2IPRiN vp","32-932-432-2911","carefully regular ideas are furiously after the blithely pending pearls. unusual, even deposits nag "
139399,"Customer#000139399",78111.62,1075.67,"UNITED KINGDOM","sTzbnlITWs q4ENf5p6,0xG CBh vhsK","33-963-508-7398","ular deposits. special excuses nag carefully carefully final theodolites. express accounts nag. pe"
145748,"Customer#000145748",77646.14,6395.91,"UNITED STATES","1wVQGhYHlrRH9hwPnuaTk5YI6G","34-117-502-4622","pecial, final deposits wake along the slyly regular pinto beans"
126580,"Customer#000126580",77596.94,9848.23,"UNITED KINGDOM","ZWjn5vuCPHzSQFIKydDd0VoXVl8AL8uhHBdU","33-580-739-1616","ar packages cajole slyly above the fluffily ironic theodolite"
144452,"Customer#000144452",76888.52,2779.06,"UNITED KINGDOM","vjAvStwvY6mC,sZf,P5Lxr9ua,","33-811-363-7258","efully. carefully regular requests among the furiously even packages are furiously blithely final depend"
132232,"Customer#000132232",76764.00,9468.79,"VIETNAM","2ihrN5HjnnoZoOE6zzzR,AicOPA","31-825-254-4123","ounts are quickly carefully unusual instructions: slyly final pinto beans haggle among the boldly ironic exc"
132239,"Customer#000132239",75927.85,467.00,"UNITED KINGDOM","qLLE939P2R7rMatw03UST2T4BE7Tpa2","33-965-244-6041","pains haggle furiously along the even packages. furiously final de"
135899,"Customer#000135899",75374.39,-816.03,"RUSSIA","mYQAayGXXn","32-809-716-5310","usly ironic instructions. accounts cajole. slyly final accounts boost after the regular, pending deposits. silent,"
135001,"Customer#000135001",75312.56,2493.83,"RUSSIA","xEA cCKSqsuuP kd,GghKbvfQha06R3y7kyD","32-957-348-8193","blithely final packages. regular, final ideas along the regular, regular foxes haggle blithely furiously regular "
130145,"Customer#000130145",74869.42,5900.92,"SAUDI ARABIA","Sw39isIDU7ZwNML qK8zrAArcFG4Gw","30-481-321-5845","ithely special foxes haggle fluffily express platelets? slyly reg"
149935,"Customer#000149935",74571.28,509.96,"VIETNAM","IABC2cbO6JCnZD","31-194-319-7907","t platelets according to the blithely brave deposits haggle quickly after the regular instructions. regular"
134476,"Customer#000134476",74380.80,9898.06,"VIETNAM","OsUIicTS9j1T0M5Rj","31-164-235-7820","ght wake quickly pending pinto beans. furiously ironic requests cajole across the fluffily regular requests. carefu"
132950,"Customer#000132950",74339.50,6445.32,"UNITED KINGDOM","YP9urfPKBbFzXmH0,PTYohaymgtlS 5tOz,abptj","33-320-588-6218","furiously bold accounts was. even theodolites sleep doggedly according to the carefully regular"
121898,"Customer#000121898",73725.84,7.59,"VIETNAM","VWbpwdTtdRz6gxakwzbyJzSo8Ef1BVB9Lg","31-553-623-2229","out the quickly pending theodolites detect sometimes after the blithely ironic asymptotes. carefully"
124243,"Customer#000124243",73083.01,3553.99,"UNITED KINGDOM","C3qiU0EETgmu","33-709-895-3181","s. blithely express theodolites sleep blithely "
140563,"Customer#000140563",72908.80,1636.48,"UNITED KINGDOM","N3JUXPQwJpbsiN5ily8pXm,Kgl2t","33-167-268-7682","gly. ironically ironic accounts sleep blithely final, special excuses. pinto beans according to the asymptotes w"
144038,"Customer#000144038",72600.34,5296.83,"UNITED STATES","v52NhMIF1FNMnTroSgHLWsW0T","34-158-139-9402","ly against the slyly special theodolites. excus"
137137,"Customer#000137137",72281.60,7376.93,"UNITED STATES","MH3E925taYqakq4BSR ","34-866-231-2308","s the special, regular deposits. accounts after the regular "
140530,"Customer#000140530",71986.42,2629.57,"VIETNAM","T1o0EFBhBxWtWoaZ2IDo2","31-843-627-7724","rts. ironic, express pinto beans cajole carefully. regular theodolite"
140002,"Customer#000140002",71071.79,7914.10,"UNITED KINGDOM","8UWLS,im0k94ivCVx","33-146-814-9234","eep behind the quickly bold foxes. furiously ironic ideas shall have to sleep. regular packages"
121070,"Customer#000121070",70966.40,2720.52,"UNITED STATES","nTyDhU0YvJRkPf9iY9RomJTLQ7Wf0UCpEl","34-461-931-3175","st furiously. regular dependencies run. pending, regular ideas wake. regular instructions boost carefully quick"
138980,"Customer#000138980",70963.42,2835.07,"RUSSIA","oEd44GyFrJSyP0z3uIBH3ZHJERknzCtWv2T3EO","32-556-686-1328","rnes. silent, unusual deposits wake furiously. furiously fur"
147809,"Customer#000147809",70696.79,7541.91,"UNITED STATES","YZ2EliJwee fm","34-576-461-8702"," courts haggle quickly around the regular instructions. even ideas above the slyly bold orbits sleep qui"
130390,"Customer#000130390",69359.58,1330.03,"UNITED STATES","vmd6duZ9spTAL,","34-620-890-6556","e. quickly unusual excuses detect. carefully regular instructions use slyly after the regular packages. quickly spec"
144523,"Customer#000144523",69136.76,6886.95,"SAUDI ARABIA","U,mNRyWxQyUxnxnHH3FWVdcMxlXm,","30-335-927-7174","hely express accounts. blithely special epitaphs are above the slyly even accoun"
148250,"Customer#000148250",69122.27,9368.81,"SAUDI ARABIA","Pv3MxGimdpl7Zo00","30-487-437-9853","ickly above the regular patterns. carefully special request"
142912,"Customer#000142912",68917.14,6200.03,"UNITED STATES","gI CCKiBo9B4","34-241-492-2597","gged sauternes nag furiously alongside of the doggedly final instru"
141793,"Customer#000141793",68650.13,5825.99,"RUSSIA","g6Xk9iw9NpA8","32-267-500-1625"," wake carefully ironic ideas. silently even requests are quickly. blithely express sentiments wake "
137584,"Customer#000137584",68557.50,496.31,"UNITED STATES","b62gX1GymmbZcGUsFor0","34-951-692-4919","ges wake according to the express, regular accounts. car"
125233,"Customer#000125233",67576.81,2811.19,"UNITED STATES","Zui1sZx1tmzbZXvBi9I4dXIyGYfseFwKwsRVDp","34-766-217-7962","its nag carefully slyly idle deposits. qu"
133205,"Customer#000133205",67428.18,2372.17,"VIETNAM","0jLEk5ccaxuNP6WgqMgYQmyv,hSoSN7Omy","31-395-500-7676","ing foxes. unusual deposits are carefully. slyly express instructions sleep quickly across the even"
144035,"Customer#000144035",65921.79,8778.43,"VIETNAM","N79,yEsnPO0VxUXmc4SCAL2JI3","31-683-405-3732","he express accounts cajole slyly iron"
148145,"Customer#000148145",65329.87,-140.09,"UNITED STATES","wv,sA3mDAw5FN5VX","34-798-252-5843","sual packages. quickly regular theodolites until the bold "
126895,"Customer#000126895",64939.48,6589.27,"UNITED STATES","gffDdrbHU1LsC0l4EISkF","34-712-849-2247","bout the bold multipliers grow quickly regular ideas. quickly unusual theodolites wa"
147466,"Customer#000147466",64922.28,9245.68,"RUSSIA","hypChd,Oy1OJo2t38BHtt5agF4mt","32-384-753-3388","st the unusual platelets. carefully even requests along the express, final packages c"
145186,"Customer#000145186",63947.09,6478.99,"RUSSIA","ysDCge0pJnC65","32-303-170-4040","ironic accounts-- regular, ironic theodolites haggle slyly eve"
129559,"Customer#000129559",63164.44,5507.53,"VIETNAM","DaNgRqV3BM0xsd2X4","31-379-697-3542","bold deposits are quickly express, unusual packages. instructions sleep fluffily. regular"
139237,"Customer#000139237",62018.30,6831.33,"UNITED STATES","TsPDkbt9BGz69YJ4GjxV","34-353-292-1143","ole ideas. pending requests outside the blithely regu"
120199,"Customer#000120199",61210.80,3790.17,"SAUDI ARABIA","w6TA,GXNKOMzoHcCKmArLsISJ7uo0","30-349-891-8114","ly even dugouts. slyly bold packages sleep quickly among the deposi"
124459,"Customer#000124459",61011.88,-416.49,"VIETNAM","YJ65W5bkGU51EZtg2p5IYgtMyV3cX","31-862-591-5375","osits sublate ironically at the slyly special asymptotes. slyly unusua"
144652,"Customer#000144652",60820.03,5297.64,"VIETNAM","Z5VcYLjOG8uI3KBaFmSf32lvh7,8cV3TNb","31-427-288-9877","y slyly ironic requests. slyly pending accounts after the ironic "
133645,"Customer#000133645",60708.63,2579.59,"RUSSIA","J3bz7eMWHAAtU","32-838-944-7980","xpress requests sleep furiously. fluffy foxes"
148027,"Customer#000148027",60521.06,-149.15,"RUSSIA","4JTa6OA6QkxrJl5MZUjcPbgv,E3ejD","32-609-247-3699","hely. braids haggle furiously even packages. blithely final deposits breach furi"
129484,"Customer#000129484",60518.99,8090.22,"VIETNAM","QSvdPPzWH42OScOZSUgUGEme6oxluzOCH","31-130-989-3901"," after the furious requests. silent epitaphs haggle"
125719,"Customer#000125719",60419.27,148.04,"UNITED KINGDOM","mmFNRxohfNUAXt8wBZiLjYKQ74i65P","33-621-324-1197","y express ideas. carefully pending requests around the blithely "
134278,"Customer#000134278",59287.26,6162.75,"VIETNAM","BSofJKSJbb,","31-539-463-8984","even requests sleep. final sheaves wake carefully. carefully ironic courts sleep carefully. enticingly fluffy theodo"
131669,"Customer#000131669",58527.06,5194.16,"UNITED KINGDOM","XqcSB0fQuDtl","33-541-912-9280","attainments. furiously regular requests solve doggedly slyly unusual accounts. furiously regular account"
144904,"Customer#000144904",58343.02,6499.38,"UNITED STATES","2dvzo0PjnfW4UjNA2UM5O7gVL","34-526-550-2047","ide of the final, unusual dolphins. regular requests are blithely! carefully pending accounts boost blith"
121684,"Customer#000121684",57654.21,9457.19,"SAUDI ARABIA","RhrQogDCeRI","30-276-890-3110","r the even accounts. express, regular deposits need to nag carefully express"
145705,"Customer#000145705",57398.11,7615.85,"SAUDI ARABIA","edDe7MvzwifsC9zFD kNfeJwTvNpapVnlVVVQ","30-194-921-3092","ajole furiously? furiously unusual packages across the quickly ironic depos"
129763,"Customer#000129763",56664.90,9713.82,"RUSSIA","6 ouIFYI46MEo","32-936-662-8172","y bold grouches. regular dolph"
121171,"Customer#000121171",56597.97,9449.00,"SAUDI ARABIA","nOovzyymF79r453wrMcDG,G8NMotp7KSgP","30-130-829-3548","he special, express accounts. carefully slow instr"
135415,"Customer#000135415",56483.42,7974.00,"VIETNAM","wOUEXEh3bwH c9RBaR","31-610-656-1601","ruthlessly final theodolites solve fluffily above the packages. final pinto beans acros"
144637,"Customer#000144637",56353.48,6552.06,"RUSSIA","zmt44538TJDKt9la","32-427-983-1334","p quickly about the fluffily unusual tithes. final, even asymptotes wake blithely bold"
149936,"Customer#000149936",55273.46,-162.36,"SAUDI ARABIA","dfY6wdqwW2lbYWoFCDZDon5t","30-854-704-2970","cajole furiously regular deposits. carefully daring packages are slyly slyly even foxes. sl"
122993,"Customer#000122993",55047.33,1570.23,"UNITED STATES","43EaA6lwxdOK,LpEGvP","34-952-429-5063"," requests detect regular theodolites. ironic dependencies are daring depend"
130831,"Customer#000130831",55038.22,7131.22,"UNITED STATES","u4D4tlnFRE4rhKhy","34-536-334-1938","fluffily pending requests sleep. furiously regu"
130175,"Customer#000130175",54687.55,2676.10,"UNITED STATES","NZ8g5E0rBhOK3,0OTVLKNSo","34-753-417-1758","ial asymptotes cajole fluffily along the pending packages. excuses "
145031,"Customer#000145031",54568.15,5510.95,"SAUDI ARABIA","BQHjGqwGz2Od","30-438-721-7725","ide of the fluffily regular accounts dazzle carefully regular deposits. furiously spe"
137579,"Customer#000137579",54528.06,2791.56,"RUSSIA","9LCzyNbgsTG 3u3JofX98EyH","32-970-662-2118","refully. express requests along the blithely ironic packages haggle blithely final accounts. furiously ironic"
145690,"Customer#000145690",54431.42,3200.95,"UNITED KINGDOM","vOVzgAL C8DfdBg8L0wxk","33-583-815-5016","s across the final, regular accounts haggle carefully bold packages. regula"
149683,"Customer#000149683",54264.61,3317.49,"UNITED KINGDOM","pp6HoBzP3ABlHueh5nduKF D6YBgQ80Hzs","33-932-602-8093","onic instructions. blithely express accounts wake blithely"
126824,"Customer#000126824",53655.35,1078.13,"UNITED KINGDOM","hxjOEx62bwP2XkMB76 MfGM2Z9Hg3b ,Oj5fbQVl","33-836-614-2661","ptotes are across the instructions. carefully ironic d"
140287,"Customer#000140287",53155.06,3591.95,"VIETNAM","LimDX3MjR7lkM07UxfnrhM9KPhgDJa","31-261-681-1974","ringly even instructions cajole slyly pending"
136813,"Customer#000136813",53050.20,6951.23,"VIETNAM","oAvH3C2cqpjYYfHMsEnl6IY5QiHcfMHc0eeHg2m,","31-235-785-8629","usual deposits cajole. fluffily even accounts haggle carefully. pinto beans are quickly against the unusual platele"
141131,"Customer#000141131",52350.50,2766.18,"VIETNAM","1N3TAJG0E C1mNdtZXQvqHMvh9Y0","31-342-966-2184","ously final theodolites wake furiously above the carefully fin"
126319,"Customer#000126319",52186.76,820.59,"RUSSIA","g3dhuzpfVSKAYx","32-802-301-7897","equests nag across the slyly unusual theodolites. slyly regular braids maintain. quickly even deposit"
132518,"Customer#000132518",52024.08,2295.12,"VIETNAM","p1xwk1ON,B1lLPVHGs,Ocnk5ri1iB","31-249-994-6430","g, pending foxes are fluffily around th"
136555,"Customer#000136555",51614.71,-418.02,"RUSSIA"," 9yNk,LUAy4PI f6z1WNyu jFV2bgUx,C46ZTk","32-358-711-3752","nts cajole on the pending deposits; even, pending requests at the blithely bold packages nag abou"
141571,"Customer#000141571",51449.51,6946.69,"UNITED STATES","JCxy7dI3GWL hqD 57YbS22gtfNW8tlR1clGEu","34-829-278-8613","s. pinto beans sleep. blithely silent deposits affix permanent deposits. special, special asymptotes"
137062,"Customer#000137062",51065.07,9463.34,"SAUDI ARABIA","YCXvbuouENBfEEE0jWdS,i","30-960-817-3167","hely quickly final requests. slyly bold packages haggle. "
147307,"Customer#000147307",50941.67,-277.55,"RUSSIA","smI69tytK0BDZQKJJjj8uXdy66MZ","32-579-908-7612","r packages maintain among the blithely regular packages."
129382,"Customer#000129382",50912.02,9832.96,"VIETNAM","KMFZk5iCjlu7WLh8QyP6","31-385-264-1492","fully above the slyly bold deposits"
143681,"Customer#000143681",50828.97,193.97,"SAUDI ARABIA","vsO,Wo5WuLO10J8G6m9DZhKbJX8lIc2o","30-473-853-4273","uiet deposits wake quickly according to the pinto b"
134864,"Customer#000134864",50467.11,6475.97,"UNITED STATES","o7Uq33LWcbdP2vMa qsfbn94KZBzR","34-427-399-6047","ckly regular asymptotes. always bold dinos haggle pinto beans. accounts nag slyly. s"
123118,"Customer#000123118",50074.70,6850.24,"SAUDI ARABIA","JSBfGtBMDftBCUsG1yevGXx9","30-346-486-6737","lent requests cajole carefully n"
131878,"Customer#000131878",49951.61,4097.36,"UNITED KINGDOM","ez06MYiwVwqhgSzQ58i3sxJadukb","33-877-517-2107","refully. fluffily even hockey players to the ironic requests sleep against the final, unusual accounts? blit"
147302,"Customer#000147302",49563.19,-993.78,"VIETNAM","QGM7g59G8FUfqUbRm1shpvkDl14XsfIWZwT5nLJ","31-578-392-5542","nag blithely along the pending accounts"
144226,"Customer#000144226",48564.91,1473.90,"RUSSIA","vKHSKwhC6c20zOs15sH BhD1iR","32-212-881-6790","le fluffily about the dependencies. asymptotes "
143296,"Customer#000143296",48492.64,7941.96,"VIETNAM","w24TZdvHHPsPOm5LHd2E92yr4i","31-883-496-9714","refully ironic accounts! blithely silent pinto beans wake carefully. dolphins x-ray doggedly after "
122158,"Customer#000122158",48401.19,8062.07,"SAUDI ARABIA","PMj5vabYcGs4XknkZIFWkI6f","30-846-357-9600","daring ideas haggle furiously re"
148648,"Customer#000148648",47559.44,7261.70,"RUSSIA","OVlQOPa1fY1oZWNPj","32-738-550-6564","lay ironic foxes. requests believe about the regular accounts."
126532,"Customer#000126532",47498.37,1660.75,"UNITED STATES","DSPozoGTzc62","34-126-934-4039","eodolites solve carefully. blithely sly dependencies boost slyly"
134099,"Customer#000134099",47192.04,6109.18,"UNITED KINGDOM","hBTDKwl6CpsPPLFwUQZWYRcXOsPNk6","33-744-443-4228","gular packages serve blithely accordin"
143738,"Customer#000143738",46792.17,2292.24,"VIETNAM","P73BQ3gRYqzPHMCExqM","31-278-107-7710"," finally final foxes. special accounts against the ironic, regular packages sleep ent"
125425,"Customer#000125425",46408.50,7297.84,"UNITED STATES","qa6SC1YjOQHXWXQdNYylQs9fhn2LVwgBVs fWhw","34-761-773-3479","mong the accounts boost blithely alongside of the blit"
126787,"Customer#000126787",46309.58,8568.89,"UNITED KINGDOM","4ROSY5gVfbQ ia,il3kC2P6S2vT5ulEYNq","33-603-985-5962","uffily. regular, regular acco"
120041,"Customer#000120041",46049.70,1188.45,"RUSSIA","A48VLiJCtL6pFFNkrzyxpvm5U3gdlHvrL","32-989-353-2389","tect furiously alongside of the ironic, pendin"
146492,"Customer#000146492",44883.05,6279.58,"VIETNAM","bbYodTd,DkbkjMnb2l7kGXG gVu8hiyOF","31-594-582-7591","nding deposits cajole carefully. slyly unusual requests wake blithely."
122461,"Customer#000122461",44515.21,4619.92,"RUSSIA","gV,B61aopG3vGml2NyQRro01CdCcbUDQ8tGW","32-522-828-9364","ublate at the silent, ironic "
133961,"Customer#000133961",44326.16,2756.95,"VIETNAM","n9f03TUw9O","31-597-865-4475","ic requests sublate slyly. somet"
133232,"Customer#000133232",44294.13,6391.25,"UNITED STATES","VLXniLMdmf9d0XiKmSpbK ","34-990-119-6504","l instructions affix quickly furious"
126899,"Customer#000126899",44069.97,2516.71,"UNITED STATES",",XoJIBrPqMgV","34-271-413-6793","ronic asymptotes believe besides the slyly regular deposits. quickly special e"
145609,"Customer#000145609",43902.33,1126.13,"RUSSIA","QZAhRnXld6a2qYpLZD,cC6Qys2zpCZ5sX","32-180-302-8471","y regular foxes. slyly even excuses nag above the ruthlessly final platelets. "
146726,"Customer#000146726",43750.24,991.63,"VIETNAM","p9i9moJuXv rxD36fbz6OVBr,Cyo9G,4DbIOlP98","31-138-941-2315","nts sleep quickly after the carefully regular ideas. even, regular accounts are blithely quickly unusual pinto b"
123997,"Customer#000123997",42840.90,3767.56,"RUSSIA","uOFHXx4NsRevYw0jjfOfpXgSoYTx2pX7LhC","32-807-348-7851","ross the brave instructions. final, ironic deposits cajole carefully. ironic deposits nod bli"
147562,"Customer#000147562",42747.82,9213.79,"VIETNAM","1750JHNPYmEHEN5h8","31-136-473-5844","eans nag fluffily asymptotes. slyly pending requests wake. slyly"
134605,"Customer#000134605",42653.30,3057.91,"UNITED KINGDOM","JkFwKdqBaF9v","33-708-779-1447","efully regular dolphins haggle quickly accounts. slyly regular packages among the dogg"
146401,"Customer#000146401",42626.25,6501.83,"RUSSIA","Q3JNnxYGt8TKz3HVJJwqsPug9MPqd","32-559-648-4050","xes cajole furiously bold theodolites. final theodol"
145694,"Customer#000145694",41949.88,822.18,"SAUDI ARABIA","57FthifAt3u0cudDudzNvW","30-986-919-1932","le furiously. asymptotes along the furiously even packages wake quickly even accounts. dependencies are furious"
133697,"Customer#000133697",41267.00,298.88,"RUSSIA","WNIkDpOm6o5","32-812-529-6844","old theodolites affix according to the slyly even sauternes. furiousl"
124828,"Customer#000124828",40820.35,6629.21,"RUSSIA","tbqVz3OPL,mo9UJkmnex4vzl3HjJp","32-517-907-2209","nts use fluffily according to the theodolites. blithely unusual dependencies solve fluffily. ca"
121663,"Customer#000121663",40258.20,3726.87,"SAUDI ARABIA","2rfVRhk1DTfILMlxCQIZv8srS1LQT69ugGTaW","30-371-928-3472"," across the silently even accounts: furiously "
124738,"Customer#000124738",40137.64,9862.25,"VIETNAM","pu 17m2ChI0UnyGJ1SKf","31-511-903-4281","uts. special deposits about the slyly even accounts boost"
134449,"Customer#000134449",39402.80,-633.40,"VIETNAM","6ppsqkB9gnjSD8icYdzqcaXAm4Yjp5dI67VR ","31-678-313-3062","sits: pains cajole fluffily. warthogs wake. even, pending deposits play sile"
139796,"Customer#000139796",38893.22,4116.17,"SAUDI ARABIA","ZxbVPK63FqKgqloZhtzuSDmuMJA3bqs","30-904-174-9773","quests haggle furiously. final packages print final dugouts. express deposits wake against the ironic fo"
146542,"Customer#000146542",38687.12,4415.68,"VIETNAM","Vn,nM3vs3jkIpI","31-472-269-2541","t the regular excuses. bold, regular requests use carefully r"
139094,"Customer#000139094",38219.47,8364.84,"VIETNAM","eqjSgQM8aGzFk7OB","31-745-812-6182","s? blithely final deposits wake slyly furiously reg"
127085,"Customer#000127085",37434.03,4504.74,"VIETNAM","cX5qEZ40e36UmRhGPCQpWUSHgCg","31-525-262-8280","es. furiously express theodolites sleep fluffily according to th"
131455,"Customer#000131455",37158.57,1543.50,"RUSSIA"," ksCIfkrZgnbrSUsT32amio9zekT8PVc3Y","32-677-687-6932","beans wake quickly among the fluffily sly platelets. carefully "
147767,"Customer#000147767",37001.76,7465.99,"VIETNAM","rWRFEmZGZQzGZdxcQ","31-524-116-8079","ress pinto beans past the express theodolites haggle carefully silent ideas. fluffily ironic d"
146474,"Customer#000146474",36902.88,-24.11,"UNITED STATES","LpA8GtxcmrbTxNxKiAusuDnjz7w1z","34-504-705-1387","at the furiously final accounts. blithely silent deposits detect carefully. ironic requests hinder. fl"
141634,"Customer#000141634",36565.62,7711.83,"UNITED KINGDOM","EsPDq23aAldGw","33-696-209-5117","g pinto beans wake slyly. deposits cajole after the fluffily e"
146938,"Customer#000146938",36503.83,5444.97,"RUSSIA","V8ibSXxu8PeWx9u6k5HoIvsCw3y8HmNEx","32-261-447-5618","s haggle slyly unusual accounts. even a"
145060,"Customer#000145060",36453.21,4217.22,"UNITED KINGDOM","d1kxe7k4gedkWst3rQsnEtghllymVB22e","33-739-302-9471","dolites. express, pending pinto beans x-ray fluffily; slyly special pinto beans are after the "
124400,"Customer#000124400",35995.78,1824.36,"UNITED KINGDOM","tRQCHDeHJidaMwzbuGdNrZ,iBKKwu","33-718-481-9882","tain slyly alongside of the ironic packages. furiously express theodolites against the regular, bold depos"
144830,"Customer#000144830",35019.58,9686.10,"SAUDI ARABIA","iWLLg4ju0RECtkR","30-288-489-5281","ly special packages. carefully brave packages haggle slyly slyly regular requests. carefully pending grouc"
145375,"Customer#000145375",35003.20,2655.98,"UNITED STATES","HmzTJqmoc5U9weR","34-415-847-1841","instructions wake carefully quickly careful pin"
129998,"Customer#000129998",34722.71,4602.12,"RUSSIA","8Q0hEfpZLN0nkhrmNwUwCK3hvk 8J","32-242-900-9684","longside of the foxes wake slyly regular pearls. blithely regular as"
129770,"Customer#000129770",34337.76,9245.39,"VIETNAM","8Y2lHek,VaEWk99trTnLkUJzf","31-975-306-9637","ls. slyly final theodolites wake slyly. quickly ironic hockey players about the even, unu"
131032,"Customer#000131032",34196.72,6161.30,"UNITED STATES","ciGI0b8M1rSPncIEIS4caXJ2jS9RPNwKmUjJug","34-402-606-1848","bold, regular warthogs cajole furi"
135523,"Customer#000135523",33561.89,4326.13,"RUSSIA","5J8vVLnXF6l5YjS","32-934-455-3480","eposits nag slyly regular dugouts. theodolites along the carefully silent de"
128092,"Customer#000128092",32949.42,2840.85,"VIETNAM","aZ9qwiOwLPV VQKdqMES","31-970-243-1569","wake. stealthy, ironic pinto beans haggle along the carefully ironic package"
148252,"Customer#000148252",32864.15,5862.98,"UNITED STATES"," ohc Us8EiHvpFK0SddCQFzN,T34QQZej","34-759-967-7952","se, ironic requests sleep furiously. slyly even theodolit"
137827,"Customer#000137827",32771.86,9669.05,"UNITED KINGDOM","IklJWnEIx4Ip4qMcnSUPgRCU7FLlfI7,rr","33-397-981-3529"," furiously silent pinto beans. carefully regular deposits against the sly"
123943,"Customer#000123943",32612.14,3507.42,"RUSSIA","pF4Eh8Hm7ULqtn","32-209-467-7975","gular asymptotes cajole slyly. waters affix slyly final, regular requests. ironic accounts are about the furio"
135469,"Customer#000135469",32025.77,2305.89,"SAUDI ARABIA","IufSBS772QJyusYwlIo","30-202-489-4848"," the thinly ironic frays sleep furio"
129469,"Customer#000129469",31840.71,263.84,"UNITED KINGDOM","aqtPbK9XmYfgwej,O3T5aJ","33-569-572-3655","symptotes according to the pearls kindle quickly slyly unusual accounts. final instructions are quickly eve"
137947,"Customer#000137947",31454.83,5632.75,"SAUDI ARABIA","KtvVLI2UsgAiM7jbj2xtZBSye1WmUB","30-777-459-3422","quests are ironic accounts. pending, final instructions wake slowly about the blithely special requests"
146032,"Customer#000146032",30937.98,2441.33,"SAUDI ARABIA","AJ9Mt1IzMm2d1nL9D4YH7E6aqEvkmj5EY","30-461-521-2690","tions cajole according to the slyly regular"
128221,"Customer#000128221",30738.65,5117.64,"SAUDI ARABIA","6oMe7UnF8TjBAKFZrGV","30-586-819-7112","uses haggle alongside of the final accounts. carefully regular pinto beans t"
138730,"Customer#000138730",30073.71,5310.85,"SAUDI ARABIA","QqzrCUxpNPKDievqb60y0oqm7NOiDec","30-300-316-1320","sly regular deposits haggle. ironic th"
126809,"Customer#000126809",29875.76,9275.85,"RUSSIA","AthBA5BGOAkQrYBQz","32-948-312-6684","lets about the quickly regular ideas sublate carefully around the regular dinos. slyly e"
147967,"Customer#000147967",28799.70,-937.77,"VIETNAM","vULk8o64Q4Xby7bM9EyCHL2","31-270-364-7174","wake blithely. ironic theodolites use slyly after the "
143413,"Customer#000143413",28797.81,9795.07,"UNITED STATES","34A Qsq91p6vXeXDl7JTtH,8","34-834-436-2569","s. even platelets sleep about the s"
129080,"Customer#000129080",27699.17,2976.80,"UNITED KINGDOM","mggcFGkO0Txk","33-162-776-6289","fully silent instructions boost careful"
123784,"Customer#000123784",27313.75,5221.75,"SAUDI ARABIA","qHImx,wCUjCy3T,x","30-689-999-7076","s cajole regular excuses. furiously regular asymptotes"
122363,"Customer#000122363",27305.44,3562.04,"VIETNAM","Ziw2uPeiKzqXHsmCVEubJDqhvB1TEm2aCSerJU","31-197-899-8749","instructions affix quickly. blithely express excuses"
149503,"Customer#000149503",27117.80,3339.25,"UNITED KINGDOM","yIVjhEo7v5E","33-892-379-5000"," requests maintain. blithely regular deposits haggle carefully excuses. patterns wake caref"
143146,"Customer#000143146",27034.60,3333.84,"SAUDI ARABIA","eQU5V7w4m ylbTv","30-271-507-8942","ickly idle ideas grow furiously close pinto beans. special deposits sleep a"
139238,"Customer#000139238",26979.40,5278.38,"SAUDI ARABIA","TQzwIdvo 1ybBqUe0uwSP79CKM3wcgOmW","30-893-656-6161","ckly close asymptotes cajole slyly after the furiously regular foxes. express instr"
132529,"Customer#000132529",26502.19,877.32,"RUSSIA"," tsdQP2nIt2swZNwRwTX778Wsk","32-570-946-6196","latelets need to haggle by the silent packages. dep"
147907,"Customer#000147907",26331.88,7612.05,"UNITED STATES","k6 vdh3N0syrRnh4u","34-790-452-9146","s maintain. express, unusual accounts affix according to the slyly ironic re"
145564,"Customer#000145564",26243.18,7652.19,"UNITED KINGDOM","FEeZHhFqU94 d85FtSxKPucHBuNH1w","33-415-168-8356","ut the platelets. slyly even requests cajole furiously blithely ironic dep"
144143,"Customer#000144143",24822.29,9285.58,"RUSSIA","ypPoOziqDV1nVfampLBoiccKE","32-273-963-2823","o beans boost regular forges. slyly unusual pinto beans are except the ideas. blithely regular instructions "
136246,"Customer#000136246",23206.58,7322.66,"VIETNAM","0tGbxvD902","31-923-842-8216","structions eat after the slyly silent foxes. express dolp"
120292,"Customer#000120292",21241.42,2074.07,"UNITED KINGDOM","Ndygr6Vf9jE","33-444-729-6225","instructions. busy, special theodolites are c"
143545,"Customer#000143545",20808.54,5913.30,"UNITED KINGDOM"," 3oy5ICbr60xz8cBsIBqsNJDGjIZ","33-665-396-9243","ar accounts. quickly silent ideas haggle slyly across the final pinto b"
148054,"Customer#000148054",20773.12,2640.36,"UNITED STATES","XTJOtreEuXX98sjRcB","34-452-110-4199","he furiously close asymptotes; bold foxes print carefully final"
134944,"Customer#000134944",20414.22,4931.64,"RUSSIA","mEjo0AaafKaovRQil0FTCniYuGWNyLwUjI","32-166-854-9047","ckages about the carefully regular ideas haggle across the care"
137380,"Customer#000137380",20141.56,1719.60,"VIETNAM","0YFXCFpTOIi,owjHPg2vcbWfb6gQX2qq","31-348-952-3665","kly against the ironic, final pinto beans. regularly ironic foxes sleep furiously alongside of "
123260,"Customer#000123260",20085.98,9707.68,"SAUDI ARABIA","eTkpq5kPUL5e4pva0czK3tV 1","30-537-458-4148","furiously furiously bold requests. foxes play along the furiously bold depen"
120350,"Customer#000120350",19253.59,6411.15,"RUSSIA","QH0AP SUqzkkIiJ DJVNO","32-477-309-5143"," use. deposits above the blithely even requests wake across the blithely even packages. brave"
139901,"Customer#000139901",18691.82,4057.84,"UNITED STATES","maPu06l6ksthcayamTsybs,geGBY3gS3QB0u","34-791-373-1402","refully. fluffily regular deposits play. final, pending platelets are up the q"
137482,"Customer#000137482",18030.89,8480.61,"RUSSIA","Apg4TiOHJAN2cSaaDFW","32-104-715-7826","riously. carefully regular packages wake a"
148586,"Customer#000148586",17759.66,5728.15,"UNITED STATES","c,jC 9LQMfgA","34-543-365-8511","ss the furiously silent accounts sleep quickly along the even foxe"
125911,"Customer#000125911",17562.00,7020.63,"UNITED STATES","taZa2Q6Eaf7 ZLObh","34-859-266-4012","accounts wake carefully along the ideas."
126973,"Customer#000126973",16443.84,3396.95,"RUSSIA","bdiURJIZrYN5","32-457-804-9524","olites sleep slyly along the final, ironic requests. "
146584,"Customer#000146584",16339.95,7967.20,"RUSSIA","39dpuAF,9IUO5JrkOXS fe40xz5QkoX","32-631-155-3988",", bold deposits. slyly slow requests after the slyly pending requests are carefully carefully final"
141748,"Customer#000141748",16331.54,2017.75,"UNITED KINGDOM","HwH5FSlWGYNpEHqE9JH2e","33-965-806-6462"," the final dependencies. quietly bold dependencies nag slyly ironic ideas. ironic dependencies nag"
143926,"Customer#000143926",15002.62,6035.30,"RUSSIA","qwRti8GPktLVC","32-933-602-4796","uriously final packages. furiously ironic foxes use blithely."
129928,"Customer#000129928",14681.87,5640.13,"SAUDI ARABIA","xtBULQyezB6or0IpA","30-902-245-4292","y carefully regular instructions. never special pin"
123019,"Customer#000123019",12929.14,6707.50,"SAUDI ARABIA","sgTHn6jxEaVrpCtwiH8l UHBtom,ouGOb","30-129-643-5017","fy pinto beans. carefully silent deposits cajole slyly even accounts. "
143404,"Customer#000143404",12023.21,7595.38,"UNITED KINGDOM","oOILjT8dcuuxienlRfyEqj1LwKgeBylFbGzpOl3","33-141-140-9484","g instructions. blithely bold theodolites boost slyly. quickly unusual instructions sleep "
131744,"Customer#000131744",11571.46,9345.95,"VIETNAM","fzbxNcpfwC","31-304-804-3509","uests. ironic, pending packages are blithely against the blithely ironic accounts. slyly "
145808,"Customer#000145808",11412.94,-211.30,"UNITED KINGDOM","rQcfchrvOGDwJ1vK TsZbHPcjwtTw","33-197-512-5612","sits haggle furiously express theodolites; blithely bold pac"
125963,"Customer#000125963",11239.87,6852.82,"UNITED KINGDOM","dnPWg4OQOcr","33-788-702-9438","ffily unusual ideas thrash blithely above the special packages. pending dependencies cajole slyly "
139987,"Customer#000139987",11188.71,7199.79,"VIETNAM","cZEKZLZ9SktjVtwH","31-506-603-3537","iously along the permanently unusual excuses. slyly ironic theodolites"
123931,"Customer#000123931",10435.72,5180.43,"RUSSIA","3d ndFzq CbQ6VbRLO","32-103-233-1716","ily theodolites. sly accounts above the furiously pending pearls cajole ca"
145096,"Customer#000145096",9975.19,4336.56,"UNITED STATES","LR,2gTk1f3u1fAtoz7ctVDnjpY7R","34-500-286-6735",". carefully express requests around the idly regular ideas wake cl"
135623,"Customer#000135623",8900.26,6068.65,"VIETNAM","k2xzgzIyTupZAzi1Vx91no6CIjqBXRIt1b m","31-859-388-1316","ular dolphins cajole fluffily. regular, regular d"
129100,"Customer#000129100",7944.15,5386.72,"SAUDI ARABIA","TnT8B5Z4cBOq7IIgubSyGXMA","30-642-918-9054","ording to the even requests. blithely even pinto beans according to "
138953,"Customer#000138953",7490.06,1833.79,"UNITED KINGDOM","KkQ9vYWkiffHaTlK0A,gViwgDm92h6FR","33-827-179-2413","ounts-- final accounts sleep furiously fluffily regular pinto beans. "
133657,"Customer#000133657",6558.78,4807.71,"VIETNAM","LJQ,X6U7SwNmxUGXSyBeW4cgH9RtjfB","31-922-996-4389","beans x-ray slyly after the unusual instructions."
137948,"Customer#000137948",5219.93,1699.79,"UNITED KINGDOM","BKFMvLuQfHrzrANXGNB","33-951-240-8284","pending ideas. carefully regular platelets sleep. slyly bold asymptotes detect unusual deposits"
134414,"Customer#000134414",5157.59,2740.93,"VIETNAM","hrIslMNftB","31-998-819-1147","pecial packages engage slyly unusual pinto beans. furiou"
132910,"Customer#000132910",4584.50,7990.31,"UNITED KINGDOM","t8p9jnoSB719qpKz3QvU0fRAlIJp56jMOCP","33-209-852-4006","accounts. slyly silent pinto beans haggle evenly permanent packages. slyly daring pin"
122414,"Customer#000122414",2950.04,8604.05,"UNITED KINGDOM","W5EVJCyfYEg,6XhYw8f0nL356cMetqjUlhN","33-370-910-8281","ns haggle quickly. foxes across the"
133352,"Customer#000133352",2514.04,6629.24,"RUSSIA","l9WPd ,ao5GeTJe8pjL","32-410-447-8672","tly pending asymptotes use blithely against the furiously final instructions. re"
148709,"Customer#000148709",1209.04,3424.71,"VIETNAM","M8dc,dVTduDBWrhzKo1ZZ8H8ukcB,WGcE6VPw","31-370-701-5054","to the express ideas. blithely ironic deposits after the ironic, expres"
126217,"Customer#000126217",1035.19,2860.84,"UNITED STATES","Qj3V2Z5aWqrdynAxOKo7ZF,","34-685-838-8281","hinly express foxes. regular accounts are evenly regular packages. quickly express"
